{ 
    "restartPoint": {},
    "restartBot": {},
    "userAgent": {},
    "keyCommand": "",
    "autoAdd": true,
    "autoJoin": true,
    "autoReject": false,
    "autoLeave": false,
    "autoRead": false,
    "server": {},
    "changePicture": false,
    "changeGroupPicture": false,
    "autoJoinTicket": true,
    "Img": {},
    "Images": {},
    "Addimage": false,
    "RAAdmin": {},
    "RAGfoto": {},
    "RASDadmin": false,
    "RASDstaff": false,
    "RASadmin": false,
    "RASstaff": false,
    "RAStaff": {},
    "RAautojoin": true,
    "RAautoread": false,
    "RAautoscan": false,
    "RAblacklist": {},
    "RAdblacklist": false,
    "RAfoto": {},
    "RAgreet": {},
    "RAlimit": 1,
    "RAmessage": "Hallo...",
    "RAmessage1": "Minat? Chat http://line.me/ti/p/~withme_sw",
    "RAprotcancel": {},
    "RAprotinvite": {},
    "RAprotkick": {},
    "RAprotqr": {},
    "RAreadMember": {},
    "RAreadPoint": {},
    "RAwblacklist": false
}

 
